﻿23/02/2019,08:43:20 PM,unknown,pa:5053267047089322205,Welcome to the FC Barcelona official chatbot! ⚽ 

Guess match results, vote for your Man of the Match, collect points and challenge your friends!

Want to win the official monthly prize?
Take part in the global competition and score the most points to get grand prizes - from official team jersey, signed merchandise, VIP trips and tickets to Camp Nou.

Tap "Yes, I agree" to accept terms and enter the prize winning competition

Read terms: vb.me/motmtc1819
23/02/2019,08:43:29 PM,Me,+959770366811,Yes, I agree
23/02/2019,08:43:30 PM,unknown,pa:5053267047089322205,null
